

Insert into SPORTS (ID,NAME) values (1,'Footbal');
Insert into SPORTS (ID,NAME) values (2,'Basketball');


Insert into COMPETITIONS (ID,NAME,SPORTID) values (100,'Premier League',1);
Insert into COMPETITIONS (ID,NAME,SPORTID) values (200,'Primera',1);
Insert into COMPETITIONS (ID,NAME,SPORTID) values (300,'Bundes League',1);
Insert into COMPETITIONS (ID,NAME,SPORTID) values (400,'Italia 1',1);

Insert into COMPETITIONS (ID,NAME,SPORTID) values (1000,'Euroleague',2);


Insert into TEAMS (ID,NAME,SPORTID) values (1001,'Manchester United',1);
Insert into TEAMS (ID,NAME,SPORTID) values (1002,'Chelsea',1);
Insert into TEAMS (ID,NAME,SPORTID) values (1003,'Liverpool',1);
Insert into TEAMS (ID,NAME,SPORTID) values (1004,'Newcastle',1);
Insert into TEAMS (ID,NAME,SPORTID) values (1005,'Arsenal',1);
Insert into TEAMS (ID,NAME,SPORTID) values (1006,'Everton',1);
Insert into TEAMS (ID,NAME,SPORTID) values (1007,'Leicester City',1);
Insert into TEAMS (ID,NAME,SPORTID) values (2001,'Real Madrid',1);
Insert into TEAMS (ID,NAME,SPORTID) values (2002,'Barcelona',1);
Insert into TEAMS (ID,NAME,SPORTID) values (2003,'Valencia',1);
Insert into TEAMS (ID,NAME,SPORTID) values (2004,'Sevilla',1);
Insert into TEAMS (ID,NAME,SPORTID) values (2005,'Saragosa',1);
Insert into TEAMS (ID,NAME,SPORTID) values (2006,'Atletico Madrid',1);
Insert into TEAMS (ID,NAME,SPORTID) values (3001,'Bajern Minhen',1);
Insert into TEAMS (ID,NAME,SPORTID) values (3002,'Borisia Dorthmund',1);
Insert into TEAMS (ID,NAME,SPORTID) values (3003,'Stuttgart',1);
Insert into TEAMS (ID,NAME,SPORTID) values (3004,'Hanover',1);
Insert into TEAMS (ID,NAME,SPORTID) values (3005,'Hamburg',1);
Insert into TEAMS (ID,NAME,SPORTID) values (3006,'Herta',1);
Insert into TEAMS (ID,NAME,SPORTID) values (4001,'Milan',1);
Insert into TEAMS (ID,NAME,SPORTID) values (4002,'Inter',1);
Insert into TEAMS (ID,NAME,SPORTID) values (4003,'Torino',1);
Insert into TEAMS (ID,NAME,SPORTID) values (4004,'Perugia',1);
Insert into TEAMS (ID,NAME,SPORTID) values (4005,'Roma',1);
Insert into TEAMS (ID,NAME,SPORTID) values (4006,'Lacio',1);

Insert into TEAMS (ID,NAME,SPORTID) values (10001,'CSKA',2);
Insert into TEAMS (ID,NAME,SPORTID) values (10002,'Panatanaikos',2);
Insert into TEAMS (ID,NAME,SPORTID) values (10003,'Olimpiakos',2);
Insert into TEAMS (ID,NAME,SPORTID) values (10004,'Galatasaraj',2);
Insert into TEAMS (ID,NAME,SPORTID) values (10005,'Real Madrid',2);
Insert into TEAMS (ID,NAME,SPORTID) values (10006,'Crvena Zvezda',2);




Insert into MATCHES (ID,HOMETEAMID,VISITORTEAMID,STARTTIME,COMPETITIONID,MATCHSTATUS) values (1001,1001,1002,to_date('2016-AUG-10 21:00','YYYY-MON-DD HH24:MI'),100,'NOT_FINISHED');
Insert into MATCHES (ID,HOMETEAMID,VISITORTEAMID,STARTTIME,COMPETITIONID,MATCHSTATUS) values (1002,1003,1004,to_date('2016-AUG-10 21:00','YYYY-MON-DD HH24:MI'),100,'NOT_FINISHED');
Insert into MATCHES (ID,HOMETEAMID,VISITORTEAMID,STARTTIME,COMPETITIONID,MATCHSTATUS) values (1003,1005,1006,to_date('2016-AUG-10 21:00','YYYY-MON-DD HH24:MI'),100,'NOT_FINISHED');
Insert into MATCHES (ID,HOMETEAMID,VISITORTEAMID,STARTTIME,COMPETITIONID,MATCHSTATUS) values (2001,2001,2002,to_date('2016-AUG-10 22:00','YYYY-MON-DD HH24:MI'),200,'NOT_FINISHED');
Insert into MATCHES (ID,HOMETEAMID,VISITORTEAMID,STARTTIME,COMPETITIONID,MATCHSTATUS) values (2002,2003,2004,to_date('2016-AUG-10 22:00','YYYY-MON-DD HH24:MI'),200,'NOT_FINISHED');
Insert into MATCHES (ID,HOMETEAMID,VISITORTEAMID,STARTTIME,COMPETITIONID,MATCHSTATUS) values (3001,3004,3001,to_date('2016-AUG-10 15:00','YYYY-MON-DD HH24:MI'),300,'NOT_FINISHED');
Insert into MATCHES (ID,HOMETEAMID,VISITORTEAMID,STARTTIME,COMPETITIONID,MATCHSTATUS) values (3002,3005,3002,to_date('2016-AUG-10 15:00','YYYY-MON-DD HH24:MI'),300,'NOT_FINISHED');
Insert into MATCHES (ID,HOMETEAMID,VISITORTEAMID,STARTTIME,COMPETITIONID,MATCHSTATUS) values (3003,3006,3003,to_date('2016-AUG-10 15:00','YYYY-MON-DD HH24:MI'),300,'NOT_FINISHED');
Insert into MATCHES (ID,HOMETEAMID,VISITORTEAMID,STARTTIME,COMPETITIONID,MATCHSTATUS) values (4001,4004,4001,to_date('2016-AUG-10 18:00','YYYY-MON-DD HH24:MI'),400,'NOT_FINISHED');
Insert into MATCHES (ID,HOMETEAMID,VISITORTEAMID,STARTTIME,COMPETITIONID,MATCHSTATUS) values (4002,4005,4002,to_date('2016-AUG-10 18:00','YYYY-MON-DD HH24:MI'),400,'NOT_FINISHED');
Insert into MATCHES (ID,HOMETEAMID,VISITORTEAMID,STARTTIME,COMPETITIONID,MATCHSTATUS) values (4003,4006,4003,to_date('2016-AUG-10 19:00','YYYY-MON-DD HH24:MI'),400,'NOT_FINISHED');

Insert into MATCHES (ID,HOMETEAMID,VISITORTEAMID,STARTTIME,COMPETITIONID,MATCHSTATUS) values (10001,10001,10002,to_date('2016-AUG-10 20:00','YYYY-MON-DD HH24:MI'),1000,'NOT_FINISHED');
Insert into MATCHES (ID,HOMETEAMID,VISITORTEAMID,STARTTIME,COMPETITIONID,MATCHSTATUS) values (10002,10003,10004,to_date('2016-AUG-10 20:00','YYYY-MON-DD HH24:MI'),1000,'NOT_FINISHED');
Insert into MATCHES (ID,HOMETEAMID,VISITORTEAMID,STARTTIME,COMPETITIONID,MATCHSTATUS) values (10003,10005,10006,to_date('2016-AUG-10 20:00','YYYY-MON-DD HH24:MI'),1000,'NOT_FINISHED');


INSERT INTO RESULTS (ID, RESULTTYPE, HOMETEAM, VISITORTEAM, MATCHID, RESULTSTATUS) VALUES (1, 'HALF_TIME_GOALS', 1, 0, 1001, 'VERIFIED');
INSERT INTO RESULTS (ID, RESULTTYPE, HOMETEAM, VISITORTEAM, MATCHID, RESULTSTATUS) VALUES (2, 'FULL_TIME_GOALS', 3, 0, 1001, 'ACTIVE');


Insert into  BETTINGGAMES (ID,NAME) values (1,'FULL_TIME_SCORE');
Insert into  BETTINGGAMES (ID,NAME) values (2,'HALF_TIME_SCORE');


Insert into  BETTINGSUBGAMES (ID,NAME,BETTGAMEID,SHORT_NAME) values (1,'HOME_TEAM_WIN_FULL_TIME',1,'1');
Insert into  BETTINGSUBGAMES (ID,NAME,BETTGAMEID,SHORT_NAME) values (2,'VISITOR_TEAM_WIN_FULL_TIME',1,'2');
Insert into  BETTINGSUBGAMES (ID,NAME,BETTGAMEID,SHORT_NAME) values (0,'DRAW_FULL_TIME',1,'0');
Insert into  BETTINGSUBGAMES (ID,NAME,BETTGAMEID,SHORT_NAME) values (3,'HOME_TEAM_WIN_HALF_TIME',2,'h1');
Insert into  BETTINGSUBGAMES (ID,NAME,BETTGAMEID,SHORT_NAME) values (4,'VISITOR_TEAM_WIN_HALF_TIME',2,'h2');
Insert into  BETTINGSUBGAMES (ID,NAME,BETTGAMEID,SHORT_NAME) values (5,'DRAW_HALF_TIME',2,'h0');

--Fudbal
Insert into  BETODDS (ID,MATCHID,VALUE,SUBGAMEID,BETODDSTATUS) values (100,1001,1.5,1,'ACTIVE');
Insert into  BETODDS (ID,MATCHID,VALUE,SUBGAMEID,BETODDSTATUS) values (101,1001,3.4,2,'ACTIVE');
Insert into  BETODDS (ID,MATCHID,VALUE,SUBGAMEID,BETODDSTATUS) values (102,1001,2.3,0,'ACTIVE');
Insert into  BETODDS (ID,MATCHID,VALUE,SUBGAMEID,BETODDSTATUS) values (103,1001,1.6,3,'ACTIVE');
Insert into  BETODDS (ID,MATCHID,VALUE,SUBGAMEID,BETODDSTATUS) values (104,1001,3.2,4,'ACTIVE');
Insert into  BETODDS (ID,MATCHID,VALUE,SUBGAMEID,BETODDSTATUS) values (105,1001,2.8,5,'ACTIVE');

Insert into  BETODDS (ID,MATCHID,VALUE,SUBGAMEID,BETODDSTATUS) values (110,1002,1.9,1,'ACTIVE');
Insert into  BETODDS (ID,MATCHID,VALUE,SUBGAMEID,BETODDSTATUS) values (111,1002,2.4,2,'ACTIVE');
Insert into  BETODDS (ID,MATCHID,VALUE,SUBGAMEID,BETODDSTATUS) values (112,1002,2.3,0,'ACTIVE');
Insert into  BETODDS (ID,MATCHID,VALUE,SUBGAMEID,BETODDSTATUS) values (113,1002,1.3,3,'ACTIVE');
Insert into  BETODDS (ID,MATCHID,VALUE,SUBGAMEID,BETODDSTATUS) values (114,1002,5.2,4,'ACTIVE');
Insert into  BETODDS (ID,MATCHID,VALUE,SUBGAMEID,BETODDSTATUS) values (115,1002,3.8,5,'ACTIVE');

Insert into  BETODDS (ID,MATCHID,VALUE,SUBGAMEID,BETODDSTATUS) values (120,1003,2.9,1,'ACTIVE');
Insert into  BETODDS (ID,MATCHID,VALUE,SUBGAMEID,BETODDSTATUS) values (121,1003,1.4,2,'ACTIVE');
Insert into  BETODDS (ID,MATCHID,VALUE,SUBGAMEID,BETODDSTATUS) values (122,1003,2.3,0,'ACTIVE');
Insert into  BETODDS (ID,MATCHID,VALUE,SUBGAMEID,BETODDSTATUS) values (123,1003,2.3,3,'ACTIVE');
Insert into  BETODDS (ID,MATCHID,VALUE,SUBGAMEID,BETODDSTATUS) values (124,1003,1.2,4,'ACTIVE');
Insert into  BETODDS (ID,MATCHID,VALUE,SUBGAMEID,BETODDSTATUS) values (125,1003,4.8,5,'ACTIVE');

Insert into  BETODDS (ID,MATCHID,VALUE,SUBGAMEID,BETODDSTATUS) values (200,2001,1.55,1,'ACTIVE');
Insert into  BETODDS (ID,MATCHID,VALUE,SUBGAMEID,BETODDSTATUS) values (201,2001,3.45,2,'ACTIVE');
Insert into  BETODDS (ID,MATCHID,VALUE,SUBGAMEID,BETODDSTATUS) values (202,2001,2.3,0,'ACTIVE');
Insert into  BETODDS (ID,MATCHID,VALUE,SUBGAMEID,BETODDSTATUS) values (203,2001,1.6,3,'ACTIVE');
Insert into  BETODDS (ID,MATCHID,VALUE,SUBGAMEID,BETODDSTATUS) values (204,2001,3.25,4,'ACTIVE');
Insert into  BETODDS (ID,MATCHID,VALUE,SUBGAMEID,BETODDSTATUS) values (205,2001,3.8,5,'ACTIVE');

Insert into  BETODDS (ID,MATCHID,VALUE,SUBGAMEID,BETODDSTATUS) values (210,2002,2.55,1,'ACTIVE');
Insert into  BETODDS (ID,MATCHID,VALUE,SUBGAMEID,BETODDSTATUS) values (211,2002,2.45,2,'ACTIVE');
Insert into  BETODDS (ID,MATCHID,VALUE,SUBGAMEID,BETODDSTATUS) values (212,2002,3.3,0,'ACTIVE');
Insert into  BETODDS (ID,MATCHID,VALUE,SUBGAMEID,BETODDSTATUS) values (213,2002,3.6,3,'ACTIVE');
Insert into  BETODDS (ID,MATCHID,VALUE,SUBGAMEID,BETODDSTATUS) values (214,2002,1.7,4,'ACTIVE');
Insert into  BETODDS (ID,MATCHID,VALUE,SUBGAMEID,BETODDSTATUS) values (215,2002,3.8,5,'ACTIVE');


Insert into  BETODDS (ID,MATCHID,VALUE,SUBGAMEID,BETODDSTATUS) values (300,3001,1.5,1,'ACTIVE');
Insert into  BETODDS (ID,MATCHID,VALUE,SUBGAMEID,BETODDSTATUS) values (301,3001,3.4,2,'ACTIVE');
Insert into  BETODDS (ID,MATCHID,VALUE,SUBGAMEID,BETODDSTATUS) values (302,3001,2.3,0,'ACTIVE');
Insert into  BETODDS (ID,MATCHID,VALUE,SUBGAMEID,BETODDSTATUS) values (303,3001,1.6,3,'ACTIVE');
Insert into  BETODDS (ID,MATCHID,VALUE,SUBGAMEID,BETODDSTATUS) values (304,3001,3.2,4,'ACTIVE');
Insert into  BETODDS (ID,MATCHID,VALUE,SUBGAMEID,BETODDSTATUS) values (305,3001,2.8,5,'ACTIVE');

Insert into  BETODDS (ID,MATCHID,VALUE,SUBGAMEID,BETODDSTATUS) values (400,4001,2.15,1,'ACTIVE');
Insert into  BETODDS (ID,MATCHID,VALUE,SUBGAMEID,BETODDSTATUS) values (401,4001,1.7,2,'ACTIVE');
Insert into  BETODDS (ID,MATCHID,VALUE,SUBGAMEID,BETODDSTATUS) values (402,4001,2.35,0,'ACTIVE');
Insert into  BETODDS (ID,MATCHID,VALUE,SUBGAMEID,BETODDSTATUS) values (403,4001,1.4,3,'ACTIVE');
Insert into  BETODDS (ID,MATCHID,VALUE,SUBGAMEID,BETODDSTATUS) values (404,4001,3.0,4,'ACTIVE');
Insert into  BETODDS (ID,MATCHID,VALUE,SUBGAMEID,BETODDSTATUS) values (405,4001,2.9,5,'ACTIVE');

Insert into  BETODDS (ID,MATCHID,VALUE,SUBGAMEID,BETODDSTATUS) values (410,4002,2.1,1,'ACTIVE');
Insert into  BETODDS (ID,MATCHID,VALUE,SUBGAMEID,BETODDSTATUS) values (411,4002,1.7,2,'ACTIVE');
Insert into  BETODDS (ID,MATCHID,VALUE,SUBGAMEID,BETODDSTATUS) values (412,4002,2.3,0,'ACTIVE');
Insert into  BETODDS (ID,MATCHID,VALUE,SUBGAMEID,BETODDSTATUS) values (413,4002,1.3,3,'ACTIVE');
Insert into  BETODDS (ID,MATCHID,VALUE,SUBGAMEID,BETODDSTATUS) values (414,4002,3.1,4,'ACTIVE');
Insert into  BETODDS (ID,MATCHID,VALUE,SUBGAMEID,BETODDSTATUS) values (415,4002,3.9,5,'ACTIVE');

Insert into  BETODDS (ID,MATCHID,VALUE,SUBGAMEID,BETODDSTATUS) values (420,4003,1.9,1,'ACTIVE');
Insert into  BETODDS (ID,MATCHID,VALUE,SUBGAMEID,BETODDSTATUS) values (421,4003,2.2,2,'ACTIVE');
Insert into  BETODDS (ID,MATCHID,VALUE,SUBGAMEID,BETODDSTATUS) values (422,4003,2.7,0,'ACTIVE');
Insert into  BETODDS (ID,MATCHID,VALUE,SUBGAMEID,BETODDSTATUS) values (423,4003,1.2,3,'ACTIVE');
Insert into  BETODDS (ID,MATCHID,VALUE,SUBGAMEID,BETODDSTATUS) values (424,4003,4.2,4,'ACTIVE');
Insert into  BETODDS (ID,MATCHID,VALUE,SUBGAMEID,BETODDSTATUS) values (425,4003,2.8,5,'ACTIVE');


--Kosarka
Insert into  BETODDS (ID,MATCHID,VALUE,SUBGAMEID,BETODDSTATUS) values (400,4001,2.15,1,'ACTIVE');
Insert into  BETODDS (ID,MATCHID,VALUE,SUBGAMEID,BETODDSTATUS) values (401,4001,1.7,2,'ACTIVE');
Insert into  BETODDS (ID,MATCHID,VALUE,SUBGAMEID,BETODDSTATUS) values (402,4001,4.30,0,'ACTIVE');
Insert into  BETODDS (ID,MATCHID,VALUE,SUBGAMEID,BETODDSTATUS) values (403,4001,1.4,3,'ACTIVE');
Insert into  BETODDS (ID,MATCHID,VALUE,SUBGAMEID,BETODDSTATUS) values (404,4001,3.0,4,'ACTIVE');
Insert into  BETODDS (ID,MATCHID,VALUE,SUBGAMEID,BETODDSTATUS) values (405,4001,2.9,5,'ACTIVE');

Insert into  BETODDS (ID,MATCHID,VALUE,SUBGAMEID,BETODDSTATUS) values (1000,10001,1.5,1,'ACTIVE');
Insert into  BETODDS (ID,MATCHID,VALUE,SUBGAMEID,BETODDSTATUS) values (1001,10001,3.4,2,'ACTIVE');
Insert into  BETODDS (ID,MATCHID,VALUE,SUBGAMEID,BETODDSTATUS) values (1002,10001,12.3,0,'ACTIVE');
Insert into  BETODDS (ID,MATCHID,VALUE,SUBGAMEID,BETODDSTATUS) values (1003,10001,1.6,3,'ACTIVE');
Insert into  BETODDS (ID,MATCHID,VALUE,SUBGAMEID,BETODDSTATUS) values (1004,10001,3.2,4,'ACTIVE');
Insert into  BETODDS (ID,MATCHID,VALUE,SUBGAMEID,BETODDSTATUS) values (1005,10001,12.8,5,'ACTIVE');

Insert into  BETODDS (ID,MATCHID,VALUE,SUBGAMEID,BETODDSTATUS) values (1010,10002,1.95,1,'ACTIVE');
Insert into  BETODDS (ID,MATCHID,VALUE,SUBGAMEID,BETODDSTATUS) values (1011,10002,2.45,2,'ACTIVE');
Insert into  BETODDS (ID,MATCHID,VALUE,SUBGAMEID,BETODDSTATUS) values (1012,10002,12.3,0,'ACTIVE');
Insert into  BETODDS (ID,MATCHID,VALUE,SUBGAMEID,BETODDSTATUS) values (1013,10002,1.35,3,'ACTIVE');
Insert into  BETODDS (ID,MATCHID,VALUE,SUBGAMEID,BETODDSTATUS) values (1014,10002,5.1,4,'ACTIVE');
Insert into  BETODDS (ID,MATCHID,VALUE,SUBGAMEID,BETODDSTATUS) values (1015,10002,13.8,5,'ACTIVE');

Insert into  BETODDS (ID,MATCHID,VALUE,SUBGAMEID,BETODDSTATUS) values (1020,10003,2.95,1,'ACTIVE');
Insert into  BETODDS (ID,MATCHID,VALUE,SUBGAMEID,BETODDSTATUS) values (1021,10003,1.4,2,'ACTIVE');
Insert into  BETODDS (ID,MATCHID,VALUE,SUBGAMEID,BETODDSTATUS) values (1022,10003,2.35,0,'ACTIVE');
Insert into  BETODDS (ID,MATCHID,VALUE,SUBGAMEID,BETODDSTATUS) values (1023,10003,2.3,3,'ACTIVE');
Insert into  BETODDS (ID,MATCHID,VALUE,SUBGAMEID,BETODDSTATUS) values (1024,10003,1.25,4,'ACTIVE');
Insert into  BETODDS (ID,MATCHID,VALUE,SUBGAMEID,BETODDSTATUS) values (1025,10003,14.8,5,'ACTIVE');
