

Insert into SPORTS (ID,NAME) values (1,'Footbal');
Insert into SPORTS (ID,NAME) values (2,'Basketball');


Insert into COMPETITIONS (ID,NAME,SPORTID) values (100,'Premier League',1);
Insert into COMPETITIONS (ID,NAME,SPORTID) values (200,'Primera',1);
Insert into COMPETITIONS (ID,NAME,SPORTID) values (300,'Bundes League',1);
Insert into COMPETITIONS (ID,NAME,SPORTID) values (400,'Italia 1',1);


Insert into TEAMS (ID,NAME,SPORTID) values (1001,'Manchester United',1);
Insert into TEAMS (ID,NAME,SPORTID) values (1002,'Chelsea',1);
Insert into TEAMS (ID,NAME,SPORTID) values (1003,'Liverpool',1);
Insert into TEAMS (ID,NAME,SPORTID) values (1004,'Newcastle',1);
Insert into TEAMS (ID,NAME,SPORTID) values (1005,'Arsenal',1);
Insert into TEAMS (ID,NAME,SPORTID) values (1006,'Everton',1);
Insert into TEAMS (ID,NAME,SPORTID) values (1007,'Leicester City',1);
Insert into TEAMS (ID,NAME,SPORTID) values (2001,'Real Madrid',1);
Insert into TEAMS (ID,NAME,SPORTID) values (2002,'Barcelona',1);
Insert into TEAMS (ID,NAME,SPORTID) values (2003,'Valencia',1);
Insert into TEAMS (ID,NAME,SPORTID) values (2004,'Sevilla',1);
Insert into TEAMS (ID,NAME,SPORTID) values (2005,'Saragosa',1);
Insert into TEAMS (ID,NAME,SPORTID) values (2006,'Atletico Madrid',1);

Insert into MATCHES (ID,HOMETEAMID,VISITORTEAMID,STARTTIME,COMPETITIONID,MATCHSTATUS) values (1001,1001,1002,to_date('2016-JUN-20 21:00','YYYY-MON-DD HH24:MI'),100,'NOT_FINISHED');
Insert into MATCHES (ID,HOMETEAMID,VISITORTEAMID,STARTTIME,COMPETITIONID,MATCHSTATUS) values (1002,1003,1004,to_date('2016-JUN-20 21:00','YYYY-MON-DD HH24:MI'),100,'NOT_FINISHED');
Insert into MATCHES (ID,HOMETEAMID,VISITORTEAMID,STARTTIME,COMPETITIONID,MATCHSTATUS) values (1003,1005,1006,to_date('2016-JUN-20 21:00','YYYY-MON-DD HH24:MI'),100,'NOT_FINISHED');
Insert into MATCHES (ID,HOMETEAMID,VISITORTEAMID,STARTTIME,COMPETITIONID,MATCHSTATUS) values (2001,2001,2002,to_date('2016-JUN-20 22:00','YYYY-MON-DD HH24:MI'),100,'NOT_FINISHED');
Insert into MATCHES (ID,HOMETEAMID,VISITORTEAMID,STARTTIME,COMPETITIONID,MATCHSTATUS) values (2002,2003,2004,to_date('2016-JUN-20 22:00','YYYY-MON-DD HH24:MI'),100,'NOT_FINISHED');


INSERT INTO RESULTS (ID, RESULTTYPE, HOMETEAM, VISITORTEAM, MATCHID, RESULTSTATUS) VALUES (1, 'HALF_TIME_GOALS', 1, 0, 1001, 'VERIFIED');
INSERT INTO RESULTS (ID, RESULTTYPE, HOMETEAM, VISITORTEAM, MATCHID, RESULTSTATUS) VALUES (2, 'FULL_TIME_GOALS', 3, 0, 1001, 'ACTIVE');


Insert into  BETTINGGAMES (ID,NAME) values (1,'FULL_TIME_SCORE_GOAL');
Insert into  BETTINGGAMES (ID,NAME) values (2,'HALF_TIME_SCORE_GOAL');


Insert into  BETTINGSUBGAMES (ID,NAME,BETTGAMEID,SHORT_NAME) values (1,'HOME_TEAM_WIN_FULL_TIME',1,'1');
Insert into  BETTINGSUBGAMES (ID,NAME,BETTGAMEID,SHORT_NAME) values (2,'VISITOR_TEAM_WIN_FULL_TIME',1,'2');
Insert into  BETTINGSUBGAMES (ID,NAME,BETTGAMEID,SHORT_NAME) values (0,'DRAW_FULL_TIME',1,'0');
Insert into  BETTINGSUBGAMES (ID,NAME,BETTGAMEID,SHORT_NAME) values (3,'HOME_TEAM_WIN_HALF_TIME',2,'h1');
Insert into  BETTINGSUBGAMES (ID,NAME,BETTGAMEID,SHORT_NAME) values (4,'VISITOR_TEAM_WIN_HALF_TIME',2,'h2');
Insert into  BETTINGSUBGAMES (ID,NAME,BETTGAMEID,SHORT_NAME) values (5,'DRAW_HALF_TIME',2,'h0');


Insert into  BETODDS (ID,MATCHID,VALUE,SUBGAMEID,BETODDSTATUS) values (100,1001,1.5,1,'ACTIVE');
Insert into  BETODDS (ID,MATCHID,VALUE,SUBGAMEID,BETODDSTATUS) values (101,1001,3.4,2,'ACTIVE');
Insert into  BETODDS (ID,MATCHID,VALUE,SUBGAMEID,BETODDSTATUS) values (102,1001,2.3,0,'ACTIVE');
Insert into  BETODDS (ID,MATCHID,VALUE,SUBGAMEID,BETODDSTATUS) values (103,1001,1.6,3,'ACTIVE');
Insert into  BETODDS (ID,MATCHID,VALUE,SUBGAMEID,BETODDSTATUS) values (104,1001,3.2,4,'ACTIVE');
Insert into  BETODDS (ID,MATCHID,VALUE,SUBGAMEID,BETODDSTATUS) values (105,1001,2.8,5,'ACTIVE');

Insert into  BETODDS (ID,MATCHID,VALUE,SUBGAMEID,BETODDSTATUS) values (110,1002,1.9,1,'ACTIVE');
Insert into  BETODDS (ID,MATCHID,VALUE,SUBGAMEID,BETODDSTATUS) values (111,1002,2.4,2,'ACTIVE');
Insert into  BETODDS (ID,MATCHID,VALUE,SUBGAMEID,BETODDSTATUS) values (112,1002,2.3,0,'ACTIVE');
Insert into  BETODDS (ID,MATCHID,VALUE,SUBGAMEID,BETODDSTATUS) values (113,1002,1.3,3,'ACTIVE');
Insert into  BETODDS (ID,MATCHID,VALUE,SUBGAMEID,BETODDSTATUS) values (114,1002,5.2,4,'ACTIVE');
Insert into  BETODDS (ID,MATCHID,VALUE,SUBGAMEID,BETODDSTATUS) values (115,1002,3.8,5,'ACTIVE');

Insert into  BETODDS (ID,MATCHID,VALUE,SUBGAMEID,BETODDSTATUS) values (120,1003,2.9,1,'ACTIVE');
Insert into  BETODDS (ID,MATCHID,VALUE,SUBGAMEID,BETODDSTATUS) values (121,1003,1.4,2,'ACTIVE');
Insert into  BETODDS (ID,MATCHID,VALUE,SUBGAMEID,BETODDSTATUS) values (122,1003,2.3,0,'ACTIVE');
Insert into  BETODDS (ID,MATCHID,VALUE,SUBGAMEID,BETODDSTATUS) values (123,1003,2.3,3,'ACTIVE');
Insert into  BETODDS (ID,MATCHID,VALUE,SUBGAMEID,BETODDSTATUS) values (124,1003,1.2,4,'ACTIVE');
Insert into  BETODDS (ID,MATCHID,VALUE,SUBGAMEID,BETODDSTATUS) values (125,1003,4.8,5,'ACTIVE');

Insert into  BETODDS (ID,MATCHID,VALUE,SUBGAMEID,BETODDSTATUS) values (200,2001,1.55,1,'ACTIVE');
Insert into  BETODDS (ID,MATCHID,VALUE,SUBGAMEID,BETODDSTATUS) values (201,2001,3.45,2,'ACTIVE');
Insert into  BETODDS (ID,MATCHID,VALUE,SUBGAMEID,BETODDSTATUS) values (202,2001,2.3,0,'ACTIVE');
Insert into  BETODDS (ID,MATCHID,VALUE,SUBGAMEID,BETODDSTATUS) values (203,2001,1.6,3,'ACTIVE');
Insert into  BETODDS (ID,MATCHID,VALUE,SUBGAMEID,BETODDSTATUS) values (204,2001,3.25,4,'ACTIVE');
Insert into  BETODDS (ID,MATCHID,VALUE,SUBGAMEID,BETODDSTATUS) values (205,2001,3.8,5,'ACTIVE');

Insert into  BETODDS (ID,MATCHID,VALUE,SUBGAMEID,BETODDSTATUS) values (210,2002,2.55,1,'ACTIVE');
Insert into  BETODDS (ID,MATCHID,VALUE,SUBGAMEID,BETODDSTATUS) values (211,2002,2.45,2,'ACTIVE');
Insert into  BETODDS (ID,MATCHID,VALUE,SUBGAMEID,BETODDSTATUS) values (212,2002,3.3,0,'ACTIVE');
Insert into  BETODDS (ID,MATCHID,VALUE,SUBGAMEID,BETODDSTATUS) values (213,2002,3.6,3,'ACTIVE');
Insert into  BETODDS (ID,MATCHID,VALUE,SUBGAMEID,BETODDSTATUS) values (214,2002,1.7,4,'ACTIVE');
Insert into  BETODDS (ID,MATCHID,VALUE,SUBGAMEID,BETODDSTATUS) values (215,2002,3.8,5,'ACTIVE');